,Date,Folder,Label,Message_body,Sender,Snippet,Subject,id
0,2018-11-01,Label_3171150823105433329,"['p', 'UNREAD', 'CATEGORY_PERSONAL', 'INBOX']","Test test



Ajoutez des moyens nous permettant de nous assurer qu'il s'agit bien de vous
pvesse2@gmail.com


Les utilisateurs disposant de moyens supplémentaires de confirmer leur
identité sont beaucoup moins susceptibles d'être piratés ou de perdre
l'accès à leur compte.
Ajoutez des moyens supplémentaires de prouver qu'il s'agit bien de vous et
consultez d'autres recommandations de sécurité personnalisées dans l'outil  
Vérification
des paramètres de sécurité

.



OK


Vous n'osez pas cliquer sur les liens ? Découvrez la vérification des
paramètres de sécurité sur la page
https://myaccount.google.com/security-checkup


Vous avez reçu cet e-mail pour vous informer de modifications importantes
apportées à votre compte et aux services Google que vous utilisez.
© 2018 Google LLC,1600 Amphitheatre Parkway, Mountain View, CA 94043, USA
1541036595271000
",Google <no-reply@accounts.google.com>,Test test Ajoutez des moyens nous permettant de nous assurer qu&#39;il s&#39;agit bien de vous pvesse2@gmail.com Les utilisateurs disposant de moyens supplémentaires de confirmer leur identité sont,Aidez-nous à vous protéger : conseils de sécurité de Google,166ce2e2007a7eac
